<annotation>
	<folder>CollectedImages</folder>
	<filename>to_meet.abc62120-b601-11ed-8469-cf00ee5df812.jpg</filename>
	<path>/home/madhura/Jasraj/ASL_Translations/RealTimeObjectDetection/Tensorflow/workspace/images/CollectedImages/to_meet.abc62120-b601-11ed-8469-cf00ee5df812.jpg</path>
	<source>
		<database>Unknown</database>
	</source>
	<size>
		<width>640</width>
		<height>480</height>
		<depth>3</depth>
	</size>
	<segmented>0</segmented>
	<object>
		<name>to meet</name>
		<pose>Unspecified</pose>
		<truncated>0</truncated>
		<difficult>0</difficult>
		<bndbox>
			<xmin>244</xmin>
			<ymin>166</ymin>
			<xmax>600</xmax>
			<ymax>382</ymax>
		</bndbox>
	</object>
</annotation>
